no,negara,ibu_kota,luas_wilayah_km2,populasi,kepadatan_km2,benua,mata_uang,sumber,waktu_scraping
2,Abkhazia– Republik Abkhazia,Abkhaz:Аԥсны Аҳәынҭқарраcode: ab is deprecated(Apsny Ahwyntqarra)Rusia:Республика Абхазияcode: ru is deprecated(Respublika Abkhaziya),Tanpa keanggotaan,Diklaim olehGeorgia.Diduduki oleh Rusia.,"Abkhaziadiakui olehNauru,Nikaragua,Ossetia Selatan,Rusia,Suriah,Transnistria, danVenezuela.Georgiamengeklaim seluruh negara ini sebagai bagian wilayahnya yang bernama ""Republik Otonom Abkhazia"".",-,-,Wikipedia Indonesia,2026-04-07 14:54:52
3,Afganistan– Keamiran Islam Afganistan,Pashtun:د افغانستان اسلامي امارتcode: ps is deprecated(Də Afġānistān Islāmī Imārat)Persia Afganistan:امارت اسلامی افغانستانcode: fa is deprecated(Imārat-i Islāmi-yi Afghānistān),Negara anggota PBB,Tidak ada,PemerintahanKeamiran Islam Afganistanmasih belum diakui oleh negara mana pun kecualiRusia.PemerintahanRepublik Islam Afganistanyang telah bubar masih diakui sebagai pemerintahan yang sah.,-,-,Wikipedia Indonesia,2026-04-07 14:54:52
4,Afrika Selatan– Republik Afrika Selatan,Afrikaans: Republiek van Suid-AfrikaInggris: Republic of South AfricaNdebele Selatan: iRiphabliki yeSewula AfrikaSepedi: Repabliki ya Afrika-BorwaSesotho: Rephaboliki ya Afrika BorwaSwati: iRiphabhulikhi yaseNingizimu-AfrikaTsonga: Riphabliki ya Afrika DzongaTswana: Rephaboliki ya Aforika BorwaVenda: Riphabuḽiki ya Afurika TshipembeXhosa: iRiphabhlikhi yoMzantsi AfrikaZulu: iRiphabhuliki yaseNingizimu Afrika,Negara anggota PBB,Tidak ada,,-,-,Wikipedia Indonesia,2026-04-07 14:54:52
5,Afrika Tengah– Republik Afrika Tengah,Prancis: République centrafricaineSango: Ködörösêse tî Bêafrîka,Negara anggota PBB,Tidak ada,,-,-,Wikipedia Indonesia,2026-04-07 14:54:52
6,Albania– Republik Albania,Albania: Republika e Shqipërisë,Negara anggota PBB,Tidak ada,,-,-,Wikipedia Indonesia,2026-04-07 14:54:52
7,Aljazair– Republik Demokratik Rakyat Aljazair,Arab:اَلْجُمهُورِيَّة اَلْجَزَائِرِيَّة اَلدِّيمُقرَاطِيَّة اَلشَّعبِيَّةcode: ar is deprecated(Al-Jumhūriyah al-Jazāʾiriyah ad-Dīmuqrāṭiyah ash‑Shaʿbiyah)Berber: ⵜⴰⴳⴷⵓⴷⴰ ⵜⴰⵎⴳⴷⴰⵢⵜ ⵜⴰⵖⵔⴼⴰⵏⵜ ⵜⴰⴷⵣⴰⵢⵔⵉⵜ (Tagduda tamegdayt taɣerfant tazzayrit)Prancis:République algérienne démocratique et populaire,Negara anggota PBB,Tidak ada,,-,-,Wikipedia Indonesia,2026-04-07 14:54:52
8,Amerika Serikat,Inggris: United States of America,Negara anggota PBB,Tidak ada,"Amerika Serikat merupakan negara federasi yang terdiri dari50 negara bagian, satudistrik federal, dan satuwilayah terinkorporasi(Atol Palmyra).Selain itu,pemerintah federal Amerika Serikatmemiliki kedaulatan atas 13wilayah lepas. Lima di antaranya merupakan daerah berpenghuni, yaitu:GuamKepulauan Mariana UtaraKepulauan Virgin Amerika SerikatPuerto RikoSamoa AmerikaSementara delapan lainnya merupakan wilayah tak berpenghuni:Atol JohnstonAtol MidwayKarang KingmanPulau BakerPulau HowlandPulau JarvisPulau NavassaPulau WakeAmerika Serikat juga memiliki kedaulatan yang dipersengketakan atas dua wilayah berikut:Tepi Bajo NuevoTepi SerranillaTiga negara berdaulat berikut menjadinegara-negara asosiasibagi Amerika Serikat melalui perjanjianAsosiasi Kerja Sama Bebas:MarshallMikronesiaPalau",-,-,Wikipedia Indonesia,2026-04-07 14:54:52
9,Andorra– Kepangeranan Andorra,Katala: Principat d'Andorra,Negara anggota PBB,Tidak ada,"Negara Andorra berbentuk ""kepangeranan bersama"". Jabatan ""pangeran"" (sebagai kepala negara) dipegang secara bersama-sama danex officioolehPresiden Prancisdan jugaUskup Urgellyang ditunjuk olehTakhta Suci.",-,-,Wikipedia Indonesia,2026-04-07 14:54:52
10,Angola– Republik Angola,Portugis: República de Angola,Negara anggota PBB,Tidak ada,,-,-,Wikipedia Indonesia,2026-04-07 14:54:52
11,Antigua dan Barbuda,Inggris: Antigua and Barbuda,Negara anggota PBB,Tidak ada,"Antigua dan Barbuda merupakanalam Persemakmuran.Negara ini memiliki sebuahdaerah otonom, yakniBarbuda.",-,-,Wikipedia Indonesia,2026-04-07 14:54:52
12,Arab Sahrawi– Republik Demokratik Arab Sahrawi,Arab:الجُمهورية العَربية الصَحراوية الدِيمقرَاطيةcode: ar is deprecated(Al-Jumhūrīyah al-ʿArabīyah aṣ-Ṣaḥrāwīyah ad-Dīmuqrāṭīyah)Spanyol: República Árabe Saharaui Democrática,Tanpa keanggotaan,Diklaim olehMaroko,"Front Polisario, yang mengelola Arab Sahrawi, diakui oleh PBB sebagai perwakilan sah rakyatSahara Barat. Republik Demokratik Arab Sahrawi pernah diakui oleh hingga84negara anggota PBB,38di antaranya telah menarik atau membekukan pengakuannya. Negara ini merupakan salah satu anggota pendiriUni Afrika, yaitu sebuah organisasi internasional dengan status pengamat tetap diMajelis Umum PBB.Wilayah di bawah kendali Arab Sahrawi, yang disebutZona Bebas, diklaim seluruhnya olehMarokosebagai bagian dari wilayahnya yang bernama ""Provinsi Selatan"". Sebaliknya, Arab Sahrawi juga mengeklaim wilayahSahara Baratdi sebelah baratTembok Maroko, yang dikuasai oleh pemerintah Maroko. Pemerintah Arab Sahrawi saat ini beradadalam pengasingandiTindouf,Aljazair.",-,-,Wikipedia Indonesia,2026-04-07 14:54:52
13,Arab Saudi– Kerajaan Arab Saudi,Arab:الْمَمْلَكَة العَرَبيَّة السُّعُودِيَّةcode: ar is deprecated(Al-Mamlakah al-ʿArabīyah as-Suʿūdīyah),Negara anggota PBB,Tidak ada,,-,-,Wikipedia Indonesia,2026-04-07 14:54:52
14,Argentina– Republik Argentina,Spanyol: República Argentina,Negara anggota PBB,Tidak ada,Argentina merupakan sebuahnegara federasiyang terdiri dari23 provinsi dan satu kota otonom.,-,-,Wikipedia Indonesia,2026-04-07 14:54:52
15,Armenia– Republik Armenia,Armenia:Հայաստանի Հանրապետությունcode: hy is deprecated(Hayastani Hanrapetut'yun),Negara anggota PBB,Tidak ada,,-,-,Wikipedia Indonesia,2026-04-07 14:54:52
16,Australia– Persemakmuran Australia,Inggris: Commonwealth of Australia,Negara anggota PBB,Tidak ada,"Australia merupakanalam Persemakmuran,sertanegara federasiyang terdiri atas enam negara bagian, tiga wilayah daratan, dan tujuh wilayah luar (termasuk satu wilayah caplokan diAntarktika). Wilayah-wilayah luar Australia tersebut meliputi:Kepulauan Ashmore dan CartierKepulauan Cocos (Keeling)Kepulauan Laut KoralPulau Heard dan Kepulauan McDonaldPulau NatalPulau NorfolkWilayah Antarktika Australia",-,-,Wikipedia Indonesia,2026-04-07 14:54:52
17,Austria– Republik Austria,Jerman: Republik Österreich,Negara anggota PBB,Tidak ada,"Austria merupakan anggotaUni Eropa,sertanegara federasiyang terdiri darisembilan negara bagian.",-,-,Wikipedia Indonesia,2026-04-07 14:54:52
18,Azerbaijan– Republik Azerbaijan,Azeri: Azərbaycan Respublikası,Negara anggota PBB,Tidak ada,"Azerbaijan memiliki satu daerah otonom, yakniNakhchivan.",-,-,Wikipedia Indonesia,2026-04-07 14:54:52
20,Bahama– Persemakmuran Bahama,Inggris: Commonwealth of The Bahamas,Negara anggota PBB,Tidak ada,Bahama merupakanalam Persemakmuran.,-,-,Wikipedia Indonesia,2026-04-07 14:54:53
21,Bahrain– Kerajaan Bahrain,Arab:مَملَكة البَحرَينcode: ar is deprecated(Mamlakat al-Baḥrayn),Negara anggota PBB,Tidak ada,,-,-,Wikipedia Indonesia,2026-04-07 14:54:53
22,Bangladesh– Republik Rakyat Bangladesh,Bengali: গণপ্রজাতন্ত্রী বাংলাদেশ (Gônoprojatontrī Bangladesh),Negara anggota PBB,Tidak ada,,-,-,Wikipedia Indonesia,2026-04-07 14:54:53
23,Barbados,Inggris: Barbados,Negara anggota PBB,Tidak ada,,-,-,Wikipedia Indonesia,2026-04-07 14:54:53
24,Belanda– Kerajaan Belanda,Belanda: Koninkrijk der Nederlanden,Negara anggota PBB,Tidak ada,"Belanda merupakan anggotaUni Eropa.Kerajaan Belandamencakup empatnegara konstituendengan otonomi seluas-luasnya, yaitu:ArubaCuraçaoBelandaSint MaartenTiga wilayah luar negeri yang disebutBelanda Karibia(Bonaire,SabadanSint Eustatius) merupakan daerah kotamadya khusus di bawah administrasi Belanda metropolitan.Kerajaan Belanda sebagai satu kesatuan merupakan anggotaUni Eropa,tetapi hukum Uni Eropa hanya berlaku sepenuhnya pada wilayah Belanda metropolitan minus Belanda Karibia.",-,-,Wikipedia Indonesia,2026-04-07 14:54:53
25,Belarus– Republik Belarus,Belarus:Рэспубліка Беларусьcode: be is deprecated(Respublika Bielarus)Rusia:Республика Беларусьcode: ru is deprecated(Respublika Belarus),Negara anggota PBB,Tidak ada,Banyak negara yang menghapuskan pengakuan mereka terhadap pemerintahanPresiden Aleksandr Lukashenkoyang terpilih melalui pemilihan umum tahun 2020 yang disengketakan.Lituaniasaat ini mengakuiDewan Koordinasiyang dipimpin olehSviatlana Tsikhanouskayasebagai pemerintahan Belarus yang sah.,-,-,Wikipedia Indonesia,2026-04-07 14:54:53
26,Belgia– Kerajaan Belgia,Belanda: Koninkrijk BelgiëJerman: Königreich BelgienPrancis: Royaume de Belgique,Negara anggota PBB,Tidak ada,"Belgia merupakan anggota Uni Eropa,sertanegara federasiyang terdiri atas tiga komunitas linguistik dan juga atas tiga daerah.",-,-,Wikipedia Indonesia,2026-04-07 14:54:53
27,Belize,Inggris: Belize,Negara anggota PBB,Tidak ada,Belize merupakanalam Persemakmuran.,-,-,Wikipedia Indonesia,2026-04-07 14:54:53
28,Benin– Republik Benin,Prancis: République du Bénin,Negara anggota PBB,Tidak ada,,-,-,Wikipedia Indonesia,2026-04-07 14:54:53
29,Bhutan– Kerajaan Bhutan,Dzongkha:འབྲུག་རྒྱལ་ཁབ་code: dz is deprecated(Druk Gyal Khap),Negara anggota PBB,Tidak ada,,-,-,Wikipedia Indonesia,2026-04-07 14:54:53
30,Bolivia– Negara Plurinasional Bolivia,Aymara: Wuliwya Walja Suyunakana MarkaGuaraní: Tetã Blúrinasionál VolíviaQuechua: Puliwya Achka Aylluska MamallaqtaSpanyol: Estado Plurinacional de Bolivia,Negara anggota PBB,Tidak ada,,-,-,Wikipedia Indonesia,2026-04-07 14:54:53
31,Bosnia dan Herzegovina,"Bosnia,Kroasia, danSerbia:Bosna i Hercegovinacode: sh is deprecated(Gaj),Босна и Херцеговинаcode: sh is deprecated(Kiril)",Negara anggota PBB,Tidak ada,"Bosnia dan Herzegovina terdiri dari dua ""entitas"" konstituen:Federasi Bosnia dan HerzegovinaRepublika Srpskaserta sebuah distrik administratif otonom, yakniDistrik Brčko.",-,-,Wikipedia Indonesia,2026-04-07 14:54:53
32,Botswana– Republik Botswana,Inggris: Republic of BotswanaTswana: Lefatshe la Botswana,Negara anggota PBB,Tidak ada,,-,-,Wikipedia Indonesia,2026-04-07 14:54:53
33,Brasil– Republik Federasi Brasil,Portugis: República Federativa do Brasil,Negara anggota PBB,Tidak ada,Brasil merupakannegara federasiyang terdiri atas26 negara bagian dan satu distrik federal.,-,-,Wikipedia Indonesia,2026-04-07 14:54:53
34,Britania Raya– Kerajaan Bersatu Britania Raya dan Irlandia Utara,Inggris: United Kingdom of Great Britain and Northern Ireland,Negara anggota PBB,Tidak ada,"Britania Raya merupakanalam Persemakmuran.Britania Raya terdiri dari empat negara konstituen, yakniInggris,Irlandia Utara,Skotlandia, danWales. Britania Raya memiliki 13wilayah luar negeridan juga satu wilayah dependensi caplokan diBenua Antarktika, yaitu:Akrotiri dan DhekeliaAnguillaBermudaGeorgia Selatan dan Kepulauan Sandwich SelatanGibraltarKepulauan CaymanKepulauan FalklandKepulauan PitcairnKepulauan Turks dan CaicosKepulauan Virgin Britania RayaMontserratSaint Helena, Ascension, dan Tristan da CunhaTeritori Antarktika BritaniaWilayah Samudra Hindia BritaniaPenguasa Britania Rayajuga memiliki kedaulatan langsung atas tigadependensi mahkotayang otonom, yakni:GuernseyJerseyPulau Man",-,-,Wikipedia Indonesia,2026-04-07 14:54:53
35,Brunei Darussalam,Melayu: Negara Brunei Darussalam (Jawi:نݢارا بروني دارالسلامcode: ar is deprecated),Negara anggota PBB,Tidak ada,,-,-,Wikipedia Indonesia,2026-04-07 14:54:53
36,Bulgaria– Republik Bulgaria,Bulgaria:Република Българияcode: bg is deprecated(Republika Bŭlgariya),Negara anggota PBB,Tidak ada,Bulgaria merupakan anggotaUni Eropa.,-,-,Wikipedia Indonesia,2026-04-07 14:54:53
37,Burkina Faso,Dyula:ߓߎߙߞߌߣߊ ߝߊߛߏcode: dyu is deprecated(Burkina Faso)Fula:𞤄𞤵𞤪𞤳𞤭𞤲𞤢 𞤊𞤢𞤧𞤮code: ff is deprecated(Burkina Faso)Mooré: Burkĩna FasoPrancis: Burkina Faso,Negara anggota PBB,Tidak ada,,-,-,Wikipedia Indonesia,2026-04-07 14:54:53
38,Burundi– Republik Burundi,Inggris: Republic of BurundiKirundi: Repuburika y’UburundiPrancis: République du Burundi,Negara anggota PBB,Tidak ada,,-,-,Wikipedia Indonesia,2026-04-07 14:54:53
40,Ceko– Ceko,Ceko: Česká republika,Negara anggota PBB,Tidak ada,Ceko merupakan anggotaUni Eropa.,-,-,Wikipedia Indonesia,2026-04-07 14:54:53
41,Chad– Republik Chad,Arab:جمهورية تْشَادcode: ar is deprecated(Jumhūriyyat Tšād)Prancis: République du Tchad,Negara anggota PBB,Tidak ada,,-,-,Wikipedia Indonesia,2026-04-07 14:54:54
42,Chili– Republik Chili,Spanyol: República de Chile,Negara anggota PBB,Tidak ada,"Chili memiliki satu wilayah khusus, yakniPulau Paskah.",-,-,Wikipedia Indonesia,2026-04-07 14:54:54
43,Cook– Kepulauan Cook,Inggris: Cook IslandsMaori Cook: Kūki 'Āirani,Anggota daridelapan badan khusus PBB,Tidak ada(Lihatstatus politik),"Meskipun berada dalam hubunganasosiasi bebasdenganSelandia Baru,Kepulauan Cook memilikihubungan diplomatik dengan66negara lainnyadan diakui sebagai negara berdaulat oleh sejumlah negara tersebut. Kepulauan Cook merupakan anggota dari beberapabadan khusus PBBdan memiliki hak penuh untuk membuat perjanjian dengan negara anggota PBB lainnya.Negara ini berbagikepala negaradan memilikikewarganegaraan bersamadengan Selandia Baru.",-,-,Wikipedia Indonesia,2026-04-07 14:54:54
45,Denmark– Kerajaan Denmark,Denmark: Kongeriget DanmarkFaroe: Kongsríki DanmarkarGreenland: Kunngeqarfik Danmarki,Negara anggota PBB,Tidak ada,"Kerajaan Denmarkterdiri dari tiganegara konstituen,yaitu wilayah metropolitanDenmarkserta dua wilayah otonom:GreenlandKepulauan FaroeKerajaan Denmark sebagai satu kesatuan merupakan anggotaUni Eropa,tetapi hukum Uni Eropa (dalam kebanyakan kasus) tidak berlaku di Kepulauan Faroe dan Greenland.",-,-,Wikipedia Indonesia,2026-04-07 14:54:54
46,Dominika– Persemakmuran Dominika,Inggris: Commonwealth of Dominica,Negara anggota PBB,Tidak ada,,-,-,Wikipedia Indonesia,2026-04-07 14:54:54
47,Dominika– Republik Dominika,Spanyol: República Dominicana,Negara anggota PBB,Tidak ada,,-,-,Wikipedia Indonesia,2026-04-07 14:54:54
49,Ekuador– Republik Ekuador,Spanyol: República del EcuadorKichwa: Ikwayur RipuwlikaShuar: Ekuatur Nunka,Negara anggota PBB,Tidak ada,,-,-,Wikipedia Indonesia,2026-04-07 14:54:54
50,El Salvador– Republik El Salvador,Spanyol: República de El Salvador,Negara anggota PBB,Tidak ada,,-,-,Wikipedia Indonesia,2026-04-07 14:54:54
51,Eritrea– Negara Eritrea,Tigrinya:ሃገረ ኤርትራcode: ti is deprecated(Hagere Ertra)Arab:دولة إريترياcode: ar is deprecated(Dawlat Irītrīyā)Inggris: State of Eritrea,Negara anggota PBB,Tidak ada,,-,-,Wikipedia Indonesia,2026-04-07 14:54:54
52,Estonia– Republik Estonia,Esti: Eesti Vabariik,Negara anggota PBB,Tidak ada,Estonia merupakan anggotaUni Eropa.,-,-,Wikipedia Indonesia,2026-04-07 14:54:54
53,Eswatini– Kerajaan Eswatini,Swati: Umbuso weSwatiniInggris: Kingdom of Eswatini,Negara anggota PBB,Tidak ada,,-,-,Wikipedia Indonesia,2026-04-07 14:54:54
54,Etiopia– Republik Demokratik Federal Etiopia,Afar: Ityoppiah Federalih Demokrasih UmmunoAmhar:የኢትዮጵያ ፌዴራላዊ ዲሞክራሲያዊ ሪፐብሊክcode: am is deprecated(Ye-Ītyōṗṗyā Fēdēralāwī Dīmōkrāsīyāwī Rīpeblīk)Oromo: Rippaablika Federaalawaa Dimookraatawaa ItiyoophiyaaSomali: Jamhuuriyadda Dimuqraadiga Federaalka ItoobiyaTigrinya:ፈደራላዊት ደሞክራስያዊት ሪፓብሊክ ኢትዮጵያcode: ti is deprecated(Nay-Ítiyop'iya Fēdēralawī Dēmokirasīyawī Rīpebilīki),Negara anggota PBB,Tidak ada,Etiopia merupakannegara federasiyang terdiri dari12 daerah dan dua kota otonom khusus.,-,-,Wikipedia Indonesia,2026-04-07 14:54:54
56,Fiji– Republik Fiji,Fiji: Matanitu Tugalala o VitiHindi:फ़िजी गणराज्यcode: hi is deprecated(Fijī Gaṇarājya)Inggris: Republic of Fiji,Negara anggota PBB,Tidak ada,"Fiji memiliki satudaerah otonom, yakniRotuma.",-,-,Wikipedia Indonesia,2026-04-07 14:54:54
57,Filipina– Republik Filipina,Filipino: Republika ng PilipinasInggris: Republic of the Philippines,Negara anggota PBB,Tidak ada,"Filipina memiliki satu daerah otonom, yakniBangsamoro.",-,-,Wikipedia Indonesia,2026-04-07 14:54:54
58,Finlandia– Republik Finlandia,Suomi: Suomen tasavaltaSwedia: Republiken Finland,Negara anggota PBB,Tidak ada,"Finlandia merupakan anggotaUni Eropa.Finlandia memiliki satu daerah otonom yang netral dan terdemiliterisasi, yaitu:Åland",-,-,Wikipedia Indonesia,2026-04-07 14:54:54
60,Gabon– Republik Gabon,Prancis: République gabonaise,Negara anggota PBB,Tidak ada,,-,-,Wikipedia Indonesia,2026-04-07 14:54:54
61,Gambia– Republik Gambia,Inggris: Republic of The Gambia,Negara anggota PBB,Tidak ada,,-,-,Wikipedia Indonesia,2026-04-07 14:54:54
62,Georgia,Georgia:საქართველოcode: ka is deprecated(Sakartvelo),Negara anggota PBB,Tidak ada,"Georgia memiliki dua republik otonom, yaituAjariadanAbkhazia.Negarade factoAbkhaziaterbentuk dari wilayah Abkhazia, sementara negarade factoOssetia Selatanterbentuk dari wilayah utara Georgia.",-,-,Wikipedia Indonesia,2026-04-07 14:54:54
63,Ghana– Republik Ghana,Inggris: Republic of Ghana,Negara anggota PBB,Tidak ada,,-,-,Wikipedia Indonesia,2026-04-07 14:54:54
64,Grenada,Inggris: Grenada,Negara anggota PBB,Tidak ada,Grenada merupakanalam Persemakmuran.,-,-,Wikipedia Indonesia,2026-04-07 14:54:55
65,Guatemala– Republik Guatemala,Spanyol: República de Guatemala,Negara anggota PBB,Tidak ada,,-,-,Wikipedia Indonesia,2026-04-07 14:54:55
66,Guinea– Republik Guinea,Prancis:République de Guinée,Negara anggota PBB,Tidak ada,,-,-,Wikipedia Indonesia,2026-04-07 14:54:55
67,Guinea Khatulistiwa– Republik Guinea Khatulistiwa,Portugis: República da Guiné EquatorialPrancis: République de Guinée équatorialeSpanyol: República de Guinea Ecuatorial,Negara anggota PBB,Tidak ada,,-,-,Wikipedia Indonesia,2026-04-07 14:54:55
68,Guinea-Bissau– Republik Guinea-Bissau,Portugis: República da Guiné-Bissau,Negara anggota PBB,Tidak ada,,-,-,Wikipedia Indonesia,2026-04-07 14:54:55
69,Guyana– Republik Kooperatif Guyana,Inggris: Co-operative Republic of Guyana,Negara anggota PBB,Tidak ada,,-,-,Wikipedia Indonesia,2026-04-07 14:54:55
71,Haiti– Republik Haiti,Kreol Haiti: Repiblik d AyitiPrancis: République d'Haïti,Negara anggota PBB,Tidak ada,,-,-,Wikipedia Indonesia,2026-04-07 14:54:55
72,Honduras– Republik Honduras,Spanyol: República de Honduras,Negara anggota PBB,Tidak ada,,-,-,Wikipedia Indonesia,2026-04-07 14:54:55
73,Hungaria,Hungaria: Magyarország,Negara anggota PBB,Tidak ada,Hungaria merupakan anggotaUni Eropa.,-,-,Wikipedia Indonesia,2026-04-07 14:54:55
75,India– Republik India,Hindi:भारत गणराज्यcode: hi is deprecated(Bhārat Gaṇrājya)Inggris: Republic of India,Negara anggota PBB,Tidak ada,India merupakannegara federasiyang terdiri dari28 negara bagian dan delapan wilayah persatuan.,-,-,Wikipedia Indonesia,2026-04-07 14:54:55
76,Indonesia– Republik Indonesia,Indonesia: Republik Indonesia,Negara anggota PBB,Tidak ada,"Indonesia memiliki sembilan provinsi otonom khusus, yakniYogyakarta,Aceh,Jakarta,Papua,Papua Barat,Papua Pegunungan,Papua Tengah,Papua Selatan, danPapua Barat Daya.",-,-,Wikipedia Indonesia,2026-04-07 14:54:55
77,Irak– Republik Irak,Arab:جُمْهُوريَّة العِرَاقcode: ar is deprecated(Jumhūriīyet al-ʿIrāq)Kurdi:کۆماری عێراقcode: ku is deprecated(Komarî Êraq),Negara anggota PBB,Tidak ada,"Irak merupakannegara federasiyang terdiri dari19 kegubernuran, empat di antaranya membentukDaerah Kurdistanyang berotonomi khusus.",-,-,Wikipedia Indonesia,2026-04-07 14:54:55
78,Iran– Republik Islam Iran,Persia:جمهوری اسلامی ایرانcode: fa is deprecated(Jomhuri-ye Eslâmi-ye Irân),Negara anggota PBB,Tidak ada,,-,-,Wikipedia Indonesia,2026-04-07 14:54:55
79,Irlandia– Republik Irlandia,Inggris: Republic of IrelandIrlandia: Poblacht na hÉireann,Negara anggota PBB,Tidak ada,Irlandia merupakan anggotaUni Eropa.,-,-,Wikipedia Indonesia,2026-04-07 14:54:55
80,Islandia– Republik Islandia,Islandia: Lýðveldið Ísland,Negara anggota PBB,Tidak ada,,-,-,Wikipedia Indonesia,2026-04-07 14:54:55
81,Israel– Negara Israel,Arab:دَوْلَة إِسْرَائِيلcode: ar is deprecated(Dawlat Isrāʾīl)Ibrani:מְדִינַת יִשְׂרָאֵלcode: he is deprecated(Medīnat Yīsrāʾēl),Negara anggota PBB,Tidak diakui oleh sejumlah negara.,"Israel memaksakan kekuasaan atas wilayah-wilayah yang diklaim olehPalestina. Pencaplokan oleh Israel atas wilayahYerusalem Timurtidak diakui oleh masyarakat internasional.Israel juga menduduki berbagai wilayah diTepi Baratdengan tingkat kendali yang berbeda-beda. Sementara itu, Israel telahmenarik warga dan pasukan militernyadariJalur Gazasecara sepihak, meskipun tindakan penarikan tersebut masih dianggap sebagai tindakan ""pendudukan"" oleh hukum internasional.Israel tidak diakui sebagai negara berdaulat oleh28 negara anggota PBBdan negaraRepublik Demokratik Arab Sahrawi.Organisasi Pembebasan Palestina, yang diakui oleh sebagian besar negara anggota PBB sebagai perwakilan dari rakyat Palestina, mengakui Israel pada tahun 1993.",-,-,Wikipedia Indonesia,2026-04-07 14:54:55
82,Italia– Republik Italia,Italia: Repubblica Italiana,Negara anggota PBB,Tidak ada,"Italia merupakan anggotaUni Eropa.Italiamemiliki lima daerah otonom, yakniFriuli Venezia Giulia,Lembah Aosta,Sardinia,SisiliadanTrentino-Alto Adige/Südtirol.",-,-,Wikipedia Indonesia,2026-04-07 14:54:55
84,Jamaika,Inggris: JamaicaPatwa Jamaika: Jumieka,Negara anggota PBB,Tidak ada,Jamaika merupakanalam Persemakmuran.,-,-,Wikipedia Indonesia,2026-04-07 14:54:55
85,Jepang,Jepang:日本国code: ja is deprecated(Nippon-kokuatauNihon-koku),Negara anggota PBB,Tidak ada,,-,-,Wikipedia Indonesia,2026-04-07 14:54:55
86,Jerman– Republik Federal Jerman,Jerman: Bundesrepublik Deutschland,Negara anggota PBB,Tidak ada,"Jerman merupakan anggota Uni Eropa,sertanegara federasiyang terdiri atas16 negara bagian.",-,-,Wikipedia Indonesia,2026-04-07 14:54:55
87,Jibuti– Republik Jibuti,Afar: Gabuutih UmmuunoArab:جمهورية جيبوتيcode: ar is deprecated(Jumhūrīyah Jībūtī)Prancis: Djibouti – République de DjiboutiSomali: Jamhuuriyadda Jabuuti,Negara anggota PBB,Tidak ada,,-,-,Wikipedia Indonesia,2026-04-07 14:54:56
89,Kamboja– Kerajaan Kamboja,Khmer:ព្រះរាជាណាចក្រកម្ពុជាcode: km is deprecated(Preâh Réachéanachâkr Kâmpŭchéa),Negara anggota PBB,Tidak ada,,-,-,Wikipedia Indonesia,2026-04-07 14:54:56
90,Kamerun– Republik Kamerun,Inggris: Republic of CameroonPrancis: République du Cameroun,Negara anggota PBB,Tidak ada,,-,-,Wikipedia Indonesia,2026-04-07 14:54:56
91,Kanada,InggrisdanPrancis: Canada,Negara anggota PBB,Tidak ada,"Kanada merupakanalam Persemakmuran,sertanegara federasiyang terdiri atassepuluh provinsi dan tiga wilayah.",-,-,Wikipedia Indonesia,2026-04-07 14:54:56
92,Kazakhstan– Republik Kazakhstan,Kazakh:Қазақстан Республикасыcode: kk is deprecated(Qazaqstan Respublikasy)Rusia:Республика Казахстанcode: ru is deprecated(Respublika Kazakhstan),Negara anggota PBB,Tidak ada,,-,-,Wikipedia Indonesia,2026-04-07 14:54:56
93,Kenya– Republik Kenya,Inggris: Republic of KenyaSwahili: Jamhuri ya Kenya,Negara anggota PBB,Tidak ada,,-,-,Wikipedia Indonesia,2026-04-07 14:54:56
94,Kirgizstan– Republik Kirgiz,Kirgiz:Кыргыз Республикасыcode: ky is deprecated(Kyrgyz Respublikasy)Rusia:Кыргызская Республикаcode: ru is deprecated(Kyrgyzskaya Respublika),Negara anggota PBB,Tidak ada,,-,-,Wikipedia Indonesia,2026-04-07 14:54:56
95,Kiribati– Republik Kiribati,Inggris: Republic of KiribatiKiribati:Ribaberiki Kiribati,Negara anggota PBB,Tidak ada,,-,-,Wikipedia Indonesia,2026-04-07 14:54:56
96,Kolombia– Republik Kolombia,Spanyol: República de Colombia,Negara anggota PBB,Tidak ada,,-,-,Wikipedia Indonesia,2026-04-07 14:54:56
97,Komoro– Persatuan Komoro,Arab:الإتِّحَادُ القُمُرِيcode: ar is deprecated(Al-Ittiḥād al-Qumurī)Komoro: Udzima wa KomoriPrancis: Union des Comores,Negara anggota PBB,Tidak ada,Komoro merupakannegara federasiyang terdiri dari tiga kepulauan otonom.,-,-,Wikipedia Indonesia,2026-04-07 14:54:56
98,Kongo– Republik Demokratik Kongo,Prancis: République démocratique du Congo,Negara anggota PBB,Tidak ada,,-,-,Wikipedia Indonesia,2026-04-07 14:54:56
99,Kongo– Republik Kongo,Kituba: Repubilika ya KôngoLingala: Republíki ya KongóPrancis: République du Congo,Negara anggota PBB,Tidak ada,,-,-,Wikipedia Indonesia,2026-04-07 14:54:56
100,Korea Selatan– Republik Korea,Korea:대한민국code: ko is deprecated(RR:Daehanminguk),Negara anggota PBB,Diklaim olehKorea Utara.,"Korea Selatan memiliki satu daerah otonom, yakniProvinsi Jeju.Korea Selatan tidak diakui olehKorea Utara. Kedua otoritas mengakui dirinya sebagai satu-satunya pemerintah yang sah atasKorea.",-,-,Wikipedia Indonesia,2026-04-07 14:54:56
101,Korea Utara– Republik Demokratik Rakyat Korea,Korea:조선민주주의인민공화국code: ko is deprecated(MR:Chosŏn Minjujuŭi Inmin Konghwaguk),Negara anggota PBB,Diklaim olehKorea Selatan.,"Korea Utara tidak diakui oleh satu negara anggota PBB, yakniKorea Selatan. Kedua otoritas mengakui diri sebagai satu-satunya pemerintah yang sah atasKorea.",-,-,Wikipedia Indonesia,2026-04-07 14:54:56
102,Kosovo– Republik Kosovo,"Albania: Republika e KosovësSerbia: Republika Kosovo (Gaj),Република Косовоcode: sr is deprecated(Kiril)",Anggota daridua badan khusus PBB,Diklaim olehSerbia,"Sebelumnya berdasarkanResolusi 1244 Dewan Keamanan PBB, Kosovo berada dalam administrasiMisi Pemerintahan Sementara PBB di Kosovopada tahun 1999.Kosovomendeklarasikan kemerdekaannya pada tahun 2008, dan sejak saat itu telah menerimapengakuan diplomatik dari116negara anggota PBBdanRepublik Tiongkok, tetapi 18 negara di antaranya menarik pengakuannya di kemudian hari.Serbia masih terus mempertahankan klaim kedaulatan atas wilayah Kosovo. Negara-negara lain yang belum mengakui Kosovo entah masih mengakui klaim Serbia tersebut ataupun memilih untuk tidak berpihak pada klaim kedua negara. Kosovo merupakan anggota dari organisasiDana Moneter InternasionaldanGrup Bank Dunia. Republik Kosovo memegang kendali atas sebagian besar wilayah klaim, tetapi memiki pengaruh yang terbatas diKosovo Utara.",-,-,Wikipedia Indonesia,2026-04-07 14:54:56
103,Kosta Rika– Republik Kosta Rika,Spanyol: República de Costa Rica,Negara anggota PBB,Tidak ada,,-,-,Wikipedia Indonesia,2026-04-07 14:54:56
104,Kroasia– Republik Kroasia,Kroasia: Republika Hrvatska,Negara anggota PBB,Tidak ada,Kroasia merupakan anggotaUni Eropa.,-,-,Wikipedia Indonesia,2026-04-07 14:54:57
105,Kuba– Republik Kuba,Spanyol: República de Cuba,Negara anggota PBB,Tidak ada,,-,-,Wikipedia Indonesia,2026-04-07 14:54:57
106,Kuwait– Negara Kuwait,Arab:دَوْلَةُ ٱلْكُوَيْتcode: ar is deprecated(Dawlat al-Kuwayt),Negara anggota PBB,Tidak ada,,-,-,Wikipedia Indonesia,2026-04-07 14:54:57
108,Laos– Republik Demokratik Rakyat Laos,Laos:ສາທາລະນະລັດ ປະຊາທິປະໄຕ ປະຊາຊົນລາວcode: lo is deprecated(Sathalanalat Paxathipatai Paxaxôn Lao)Prancis: République Démocratique Populaire Lao,Negara anggota PBB,Tidak ada,,-,-,Wikipedia Indonesia,2026-04-07 14:54:57
109,Latvia– Republik Latvia,Latgalia: Latvejas RepublikaLatvia: Latvijas RepublikaLivonia: Lețmō Vabāmō,Negara anggota PBB,Tidak ada,Latvia merupakan anggotaUni Eropa.,-,-,Wikipedia Indonesia,2026-04-07 14:54:57
110,Lebanon– Republik Lebanon,Arab:الجُمْهُورِيَّة اللبنانيَّةcode: ar is deprecated(Al-jumhūrīyah al-Lubnānīyah)Prancis: République libanaise,Negara anggota PBB,Tidak ada,,-,-,Wikipedia Indonesia,2026-04-07 14:54:57
111,Lesotho– Kerajaan Lesotho,Inggris: Kingdom of LesothoSesotho: Naha ea Lesotho,Negara anggota PBB,Tidak ada,,-,-,Wikipedia Indonesia,2026-04-07 14:54:57
112,Liberia– Republik Liberia,Inggris: Republic of Liberia,Negara anggota PBB,Tidak ada,,-,-,Wikipedia Indonesia,2026-04-07 14:54:57
113,Libya– Negara Libya,Arab:دَوْلَةُ لِيبْيَاcode: ar is deprecated(Dawlat Lībyā),Negara anggota PBB,Tidak ada,,-,-,Wikipedia Indonesia,2026-04-07 14:54:57
114,Liechtenstein– Kepangeranan Liechtenstein,Jerman: Fürstentum Liechtenstein,Negara anggota PBB,Tidak ada,,-,-,Wikipedia Indonesia,2026-04-07 14:54:57
115,Lituania– Republik Lituania,Lituavi: Lietuvos Respublika,Negara anggota PBB,Tidak ada,Lituania merupakan anggotaUni Eropa.,-,-,Wikipedia Indonesia,2026-04-07 14:54:57
116,Luksemburg– Keharyapatihan Luksemburg,Jerman: Großherzogtum LuxemburgLuksemburg: Groussherzogtum LëtzebuergPrancis: Grand-Duché de Luxembourg,Negara anggota PBB,Tidak ada,Luksemburg merupakan anggotaUni Eropa.,-,-,Wikipedia Indonesia,2026-04-07 14:54:57
118,Madagaskar– Republik Madagaskar,Malagasi: Repoblikan'i MadagasikaraPrancis: République de Madagascar,Negara anggota PBB,Tidak ada,,-,-,Wikipedia Indonesia,2026-04-07 14:54:57
119,Makedonia Utara– Republik Makedonia Utara,Albania: Republika e Maqedonisë së VeriutMakedonia:Република Северна Македонијаcode: mk is deprecated(Republika Severna Makedonija),Negara anggota PBB,Tidak ada,,-,-,Wikipedia Indonesia,2026-04-07 14:54:57
120,Maladewa– Republik Maladewa,Divehi:ދިވެހިރާއްޖޭގެ ޖުމްހޫރިއްޔާcode: dv is deprecated(Dhivehi Raajjeyge Jumhooriyyaa)Inggris: Republic of Maldives,Negara anggota PBB,Tidak ada,,-,-,Wikipedia Indonesia,2026-04-07 14:54:57
121,Malawi– Republik Malawi,Chichewa: Dziko la MalaŵiInggris: Republic of MalawiTumbuka: Charu cha Malaŵi,Negara anggota PBB,Tidak ada,,-,-,Wikipedia Indonesia,2026-04-07 14:54:57
122,Malaysia,InggrisdanMelayu: Malaysia,Negara anggota PBB,Tidak ada,Malaysia adalahnegara federasiyang terdiri atas13 negara bagian dan tiga wilayah federal.,-,-,Wikipedia Indonesia,2026-04-07 14:54:57
123,Mali– Republik Mali,Arab Hassaniyah:جمهورية ماليcode: mey is deprecated(Jumhūriyat Māli)Bambara: Mali ka FasojamanaFula: Republik bu MaaliPrancis: République du MaliSoninke: Mali Tɔgɔbadugu,Negara anggota PBB,Tidak ada,,-,-,Wikipedia Indonesia,2026-04-07 14:54:57
124,Malta– Republik Malta,Inggris: Republic of MaltaMalta: Repubblika ta' Malta,Negara anggota PBB,Tidak ada,Malta merupakan anggotaUni Eropa.,-,-,Wikipedia Indonesia,2026-04-07 14:54:57
125,Maroko– Kerajaan Maroko,Arab:المَمْلَكَةُ المَغْرِبِيَّةُcode: ar is deprecated(Al-Mamlaka al-MaḡribiyyaTamazight Moroko:ⵜⴰⴳⵍⴷⵉⵜ ⵏ ⵍⵎⵖⵔⵉⴱcode: zgh is deprecated(Tageldit n lmeɣrib),Negara anggota PBB,Tidak ada,Sebagian dariSahara Baratyang diklaim olehMarokoberada dalam kendali negarade factoRepublik Demokratik Arab Sahrawiyang diakui oleh sejumlah negara lain.,-,-,Wikipedia Indonesia,2026-04-07 14:54:58
126,Marshall– Republik Kepulauan Marshall,Inggris: Republic of the Marshall IslandsMarshall: Aolepān Aorōkin Ṃajeḷ,Negara anggota PBB,Tidak ada,Marshall berada dalamAsosiasi Kerja Sama BebasdenganAmerika Serikat.,-,-,Wikipedia Indonesia,2026-04-07 14:54:58
127,Mauritania– Republik Islam Mauritania,Arab:الجمهورية الإسلامية الموريتانيةcode: ar is deprecated(Al-Jumhūrīyah al-Islāmīyah al-Mūrītānīyah),Negara anggota PBB,Tidak ada,,-,-,Wikipedia Indonesia,2026-04-07 14:54:58
128,Mauritius– Republik Mauritius,Inggris: Republic of MauritiusMorisien: Repiblik MorisPrancis: République de Maurice,Negara anggota PBB,Tidak ada,"Mauritius memiliki satu pulau otonom, yaituRodrigues.",-,-,Wikipedia Indonesia,2026-04-07 14:54:58
129,Meksiko– Meksiko Serikat,Spanyol: Estados Unidos Mexicanos,Negara anggota PBB,Tidak ada,Meksiko merupakannegara federasiyang terdiri dari31 negara bagian dan satu kota otonom.,-,-,Wikipedia Indonesia,2026-04-07 14:54:58
130,Mesir– Republik Arab Mesir,Arab:جُمْهُورِيّةُ مِصْرَ العَرَبيّةِcode: ar is deprecated(Jumhūrīyat Miṣr al-ʻArabīyah)Arab Mesir:جُمهوريّةُ مِصرَ العَرَبيّةُcode: arz is deprecated(Gomhoreyyet Maṣr el-ʿArabeyya),Negara anggota PBB,Tidak ada,,-,-,Wikipedia Indonesia,2026-04-07 14:54:58
131,Mikronesia– Federasi Mikronesia,Inggris: Federated States of Micronesia,Negara anggota PBB,Tidak ada,Mikronesia berada dalamAsosiasi Kerja Sama BebasdenganAmerika Serikat. Mikronesia adalah negara federasi yang terdiri dariempat negara bagian.,-,-,Wikipedia Indonesia,2026-04-07 14:54:58
132,Moldova– Republik Moldova,Rumania: Republica Moldova,Negara anggota PBB,Tidak ada,"Moldova memiliki duadaerah otonom, yakniGagauziadan Tepi Kiri Dniester. Daerah Tepi Kiri Dniester beserta sebuah kota bernamaBender(Tighina) berada di dalam kekuasaan negarade factoTransnistria.",-,-,Wikipedia Indonesia,2026-04-07 14:54:58
133,Monako– Kepangeranan Monako,Italia: Principato di MonacoLiguria: Prinçipatu de MùneguPrancis: Principauté de Monaco,Negara anggota PBB,Tidak ada,,-,-,Wikipedia Indonesia,2026-04-07 14:54:58
134,Mongolia,"Mongol:ᠮᠣᠩᠭ᠋ᠣᠯ ᠤᠯᠤᠰ(Klasik),Монгол улсcode: mn is deprecated(Kiril)(Alih:Mongol Uls)",Negara anggota PBB,Tidak ada,,-,-,Wikipedia Indonesia,2026-04-07 14:54:58
135,Montenegro,"Montenegro: Crna Gora,Црна Гораcode: srp promoted to code: sr code: sr is deprecated",Negara anggota PBB,Tidak ada,,-,-,Wikipedia Indonesia,2026-04-07 14:54:58
136,Mozambik– Republik Mozambik,Portugis: República de Moçambique,Negara anggota PBB,Tidak ada,,-,-,Wikipedia Indonesia,2026-04-07 14:54:58
137,Myanmar– Republik Persatuan Myanmar,Myanmar:ပြည်ထောင်စု သမ္မတ မြန်မာနိုင်ငံတော်‌code: my is deprecated(Pyidaunzu Thanmăda Myăma Nainngandaw),Negara anggota PBB,Tidak ada,Negara Wamerupakan negara otonomde factodi dalamMyanmar.PBB masih belum mengakui pemerintahande factoDewan Administrasi Negarayang saat ini berkuasa diMyanmar.,-,-,Wikipedia Indonesia,2026-04-07 14:54:58
139,Namibia– Republik Namibia,Afrikaans: Republiek van NamibiëInggris: Republic of NamibiaJerman: Republik NamibiaKhoekhoegowab: Republiki Namibiab dibKwalangi: Republika zaNamibiaLozi: Namibia ye LukuluhileOtjiherero: Orepublika yaNamibiaOshiwambo: Orepublika yaNamibiaTswana: Rephaboliki ya Namibia,Negara anggota PBB,Tidak ada,,-,-,Wikipedia Indonesia,2026-04-07 14:54:58
140,Nauru– Republik Nauru,Inggris: Republic of NauruNauru: Repubrikin Naoero,Negara anggota PBB,Tidak ada,,-,-,Wikipedia Indonesia,2026-04-07 14:54:58
141,Nepal– Republik Demokratik Federal Nepal,Nepali:सङ्घीय लोकतान्त्रिक गणतन्त्र नेपालcode: ne is deprecated(Saṅghīya Lokatāntrika Gaṇatantra Nepāla),Negara anggota PBB,Tidak ada,Nepal merupakannegara federasiyang terdiri atastujuh provinsi.,-,-,Wikipedia Indonesia,2026-04-07 14:54:58
142,Niger– Republik Niger,Hausa: Jamhuriyar NijarPrancis: République du Niger,Negara anggota PBB,Tidak ada,,-,-,Wikipedia Indonesia,2026-04-07 14:54:58
143,Nigeria– Republik Federal Nigeria,Hausa: Jamhuriyar Tarayyar NajeriyaIgbo: Ọ̀hàńjíkọ̀ Ọ̀hànézè NaìjíríyàInggris: Federal Republic of NigeriaYoruba: Orílẹ̀-èdè Olómìniira Àpapọ̀ Nàìjíríà,Negara anggota PBB,Tidak ada,Nigeria merupakannegara federasiyang terdiri dari 36 negara bagian dan satu wilayah federal.,-,-,Wikipedia Indonesia,2026-04-07 14:54:58
144,Nikaragua– Republik Nikaragua,Spanyol: República de Nicaragua,Negara anggota PBB,Tidak ada,"Nikaragua memiliki dua daerah otonom, yakniPesisir Karibia SelatandanPesisir Karibia Utara.",-,-,Wikipedia Indonesia,2026-04-07 14:54:58
145,Niue,Inggris: NiueNiue: Niuē,Anggota darilima badan khusus PBB,Tidak ada(Lihatstatus politik),"Meskipun berada dalam hubunganasosiasi bebasdenganSelandia Baru,Niue memilikihubungan diplomatik dengan27negara lainnya. Niue merupakan anggota dari beberapabadan khusus PBBdan memiliki hak penuh untuk membuat perjanjian dengan negara anggota PBB lainnya.Negara ini berbagikepala negaradan memilikikewarganegaraan bersamadengan Selandia Baru.",-,-,Wikipedia Indonesia,2026-04-07 14:54:59
146,Norwegia– Kerajaan Norwegia,"Kven: Norjan kuninkhaanvaltakuntaNorwegia: Kongeriket Norge (Bokmål), Kongeriket Noreg (Nynorsk)Sami Lule: Vuona gånågisrijkkaSami Selatan: Nöörjen gånkarïjhkeSami Utara: Norgga gonagasriika",Negara anggota PBB,Tidak ada,"Norwegia memilki duawilayah lepasdi Eropa, yakni:Jan Mayen, yang merupakan sebuahpulau tak berpenghuniyang menjadi bagian dari kesatuan Norwegia, meskipun berstatus lepas.Svalbard, yang merupakan bagian dari kesatuan Norwegia, tetapi memiliki status yang istimewa berkat adanyaTraktat Svalbard.Norwegia memiliki tigawilayah dependensi, tetapi dua di antaranya merupakan wilayah caplokan diSamudra Selatan.Pulau BouvetPulau Peter IQueen Maud Land",-,-,Wikipedia Indonesia,2026-04-07 14:54:59
148,Oman– Kesultanan Oman,Arab:سَلْطَنَةُ عُمَانcode: ar is deprecated(Salṭanat ʻUmān),Negara anggota PBB,Tidak ada,,-,-,Wikipedia Indonesia,2026-04-07 14:54:59
149,Ossetia Selatan– Republik Ossetia Selatan – Negara Alania,Ossetia:Республикӕ Хуссар Ирыстон – Паддзахад Аланиcode: os is deprecated(Respublikæ Xussar Iryston – Paddzaxad Alani)Rusia:Республика Южная Осетия – Государство Аланияcode: ru is deprecated(Respublika Yuzhnaya Osetiya – Gosudarstvo Alaniya),Tanpa keanggotaan,Diklaim olehGeorgia,"Ossetia Selatan merupakan negara merdekade factoyangdiakui olehAbkhazia,Nikaragua,Nauru,Rusia,Suriah,Transnistria, danVenezuela. Negara ini diklaim seluruhnya olehGeorgiamelalui otoritas Administrasi Ossetia Selatan.",-,-,Wikipedia Indonesia,2026-04-07 14:54:59
151,Pakistan– Republik Islam Pakistan,Inggris: Islamic Republic of PakistanUrdu:اِسْلامی جَمْہُورِیَہ پَاکِسْتَانcode: ar is deprecated(Islāmī Jumhūriyah Pākistān),Negara anggota PBB,Tidak ada,"Pakistan merupakannegara federasiyang terdiri dariempat provinsi dan satu wilayah ibu kota. Pakistan menguasai sebagian wilayahKashmir, meskipun belum dianeksasi secara resmidan masih dianggap sebagai wilayah sengketa.Bagian Kashimir tersebut terbagi atas dua wilayah yang dikelola secara terpisah dari wilayah utama Pakistan:Azad KashmirGilgit–BaltistanAzad Kashmir menyebut otoritasnya sebagai ""suatu negara otonom yang berada dalam kendali Pakistan"", sementara Gilgit-Baltistan digambarkan menurut tata kelola pemerintahannya sebagai sekelompok ""daerah"" dengan pemerintahan yang otonom.Wilayah-wilayah tersebut biasanya tidak dianggap berdaulat karena tidak memenuhi kriteria-kriteria yang dijabarkan dalam teori kenegaraan deklaratif (sebagai contoh, peraturan terkini dari kedua wilayah tersebut tidak mengizinkan otoritas mereka untuk untuk terlibat secara mandiri dalam hubungan dengan negara lain). Beberapa fungsi kenegaraan di wilayah ini (seperti urusan luar negeri dan pertahanan) menjadi tanggung jawab Pakistan.",-,-,Wikipedia Indonesia,2026-04-07 14:54:59
152,Palau– Republik Palau,Inggris: Republic of PalauPalau: Beluu er a Palau,Negara anggota PBB,Tidak ada,Palau berada dalamAsosiasi Kerja Sama BebasdenganAmerika Serikat.,-,-,Wikipedia Indonesia,2026-04-07 14:54:59
153,Palestina– Negara Palestina,Arab:دَوْلَةُ فِلَسْطِينcode: ar is deprecated(Dawlat Filasṭīn),Negara pengamatMajelis Umum PBB; anggota daridua badan khusus PBB,Tidak diakui oleh sejumlah negara.,"Negara Palestina, yang dideklarasikan pada tahun 1988, tidak diakui sebagai negara berdaulat oleh Israel, tetapi telah mendapat pengakuan diplomatis dari147negara.Negara yang telah diproklamasikan ini tidak memiliki batas-batas yang mendapat persetujuan kedua belah pihak dengan Israel, maupun kendali atas sebagian besar wilayah di dalam batas-batas yang diklaim oleh otoritas Palestina.Otoritas Nasional Palestinamerupakan badan administratif sementara yang dibentuk berdasarkanPerjanjian Oslo, yang mengendalikan yurisdiksi otonom secara terbatas padawilayah Palestina. Pada ranah internasional, Palestina diwakili olehOrganisasi Pembebasan Palestina.Negara Palestina menjadi negara anggota padaUNESCO,UNIDO, dan organisasi-organisasi internasional lainnya.",-,-,Wikipedia Indonesia,2026-04-07 14:54:59
154,Panama– Republik Panama,Spanyol: República de Panamá,Negara anggota PBB,Tidak ada,,-,-,Wikipedia Indonesia,2026-04-07 14:54:59
155,Pantai Gading– Republik Côte d'Ivoire,Prancis: République de Côte d'Ivoire,Negara anggota PBB,Tidak ada,,-,-,Wikipedia Indonesia,2026-04-07 14:54:59
156,Papua Nugini– Negara Merdeka Papua Nugini,Hiri Motu: Independen Stet bilong Papua Niu GiniInggris: Independent State of Papua New GuineaTok Pisin: Independen Stet bilong Papua Niugini,Negara anggota PBB,Tidak ada,"Papua Nugini merupakanalam Persemakmuran.Papua Nugini memiliki satu daerah otonom, yakniBougainville.",-,-,Wikipedia Indonesia,2026-04-07 14:54:59
157,Paraguay– Republik Paraguay,Guarani: Tavakuairetã ParaguáiSpanyol: República del Paraguay,Negara anggota PBB,Tidak ada,,-,-,Wikipedia Indonesia,2026-04-07 14:54:59
158,Prancis– Republik Prancis,Prancis: République française,Negara anggota PBB,Tidak ada,"Prancis merupakan anggotaUni Eropa.Prancis memiliki lima afdeling/daerah khusus luar negeri, yaituGuyana Prancis,Guadeloupe,Martinik,Mayotte, danRéunion. Selain itu, Prancis juga memiliki delapan wilayah luar negeri, yaitu:Daratan Selatan dan Antarktika PrancisKaledonia BaruPolinesia PrancisPulau ClippertonSaint-BarthélemySaint MartinSaint Pierre dan MiquelonWallis dan Futuna",-,-,Wikipedia Indonesia,2026-04-07 14:54:59
159,Peru– Republik Peru,Aymara: Piruw RipuwlikaQuechua: Piruwxa RipuwlikaSpanyol: República del Perú,Negara anggota PBB,Tidak ada,,-,-,Wikipedia Indonesia,2026-04-07 14:54:59
160,Polandia– Republik Polandia,Polski: Rzeczpospolita Polska,Negara anggota PBB,Tidak ada,Polandia merupakan anggotaUni Eropa.,-,-,Wikipedia Indonesia,2026-04-07 14:54:59
161,Portugal– Republik Portugis,Miranda: República PertuesaPortugis: República Portuguesa,Negara anggota PBB,Tidak ada,"Portugal merupakan anggotaUni Eropa.Portugal memiliki dua daerah otonom, yaituAzoresdanMadeira.",-,-,Wikipedia Indonesia,2026-04-07 14:54:59
163,Qatar– Negara Qatar,Arab:دَوْلَةُ قَطَرْcode: ar is deprecated(Dawlat Qaṭar),Negara anggota PBB,Tidak ada,,-,-,Wikipedia Indonesia,2026-04-07 14:54:59
165,Rumania,Rumania: România,Negara anggota PBB,Tidak ada,Rumania merupakan anggotaUni Eropa.,-,-,Wikipedia Indonesia,2026-04-07 14:54:59
166,Rusia– Federasi Rusia,Rusia:Российская Федерацияcode: ru is deprecated(Rossiyskaya Federatsiya),Negara anggota PBB,Tidak ada,"Rusia merupakannegara federasiyang terdiri atas 83subjek federal(berbentukrepublik,oblast,krai,okrug otonom,kota federal, danoblast otonom) yang diakui secara internasional. Beberapa dari subjek federal tersebut berjenis ""republik etnik"".",-,-,Wikipedia Indonesia,2026-04-07 14:54:59
167,Rwanda– Republik Rwanda,Inggris: Rwanda – Republic of RwandaKinyarwanda: Repubulika y'u RwandaPrancis: République du RwandaSwahili: Jamhuri ya Rwanda,Negara anggota PBB,Tidak ada,,-,-,Wikipedia Indonesia,2026-04-07 14:54:59
169,Saint Kitts dan Nevis– Federasi Saint Christopher dan Nevis,Inggris: Federation of Saint Christopher and Nevis,Negara anggota PBB,Tidak ada,"Saint Kitts dan Nevis merupakanalam Persemakmuran,sertanegara federasiyang tersusun atas dua pulau, yakniPulau Saint KittsandPulau Nevis.",-,-,Wikipedia Indonesia,2026-04-07 14:54:59
170,Saint Lucia,Inggris: Saint Lucia,Negara anggota PBB,Tidak ada,Saint Lucia merupakanalam Persemakmuran.,-,-,Wikipedia Indonesia,2026-04-07 14:55:00
171,Saint Vincent dan Grenadine,Inggris: Saint Vincent and the Grenadines,Negara anggota PBB,Tidak ada,Saint Vincent dan Grenadine merupakanalam Persemakmuran.,-,-,Wikipedia Indonesia,2026-04-07 14:55:00
172,Samoa– Negara Merdeka Samoa,Inggris: Independent State of SamoaSamoa: Malo Saʻoloto Tutoʻatasi o Sāmoa,Negara anggota PBB,Tidak ada,,-,-,Wikipedia Indonesia,2026-04-07 14:55:00
173,San Marino– Republik San Marino,Italia: Repubblica di San Marino,Negara anggota PBB,Tidak ada,,-,-,Wikipedia Indonesia,2026-04-07 14:55:00
174,Sao Tome dan Principe– Republik Demokratik São Tomé and Príncipe,Portugis: República Democrática de São Tomé e Príncipe,Negara anggota PBB,Tidak ada,"Sao Tome dan Principe memiliki satu provinsi otonom, yakniPríncipe.",-,-,Wikipedia Indonesia,2026-04-07 14:55:00
175,Selandia Baru,Inggris: New ZealandMāori: Aotearoa,Negara anggota PBB,Tidak ada,"Selandia Baru merupakanalam Persemakmuran.Selandia Baru memiliki dua wilayah dependensi, tetapi salah satunya merupakan wilayah caplokan diBenua Antarktika.Dependensi RossTokelauPemerintahSelandia Barubertindak sebagai perwakilan atas seluruhAlam Selandia Barudi dunia internasional, serta memiliki tanggung jawab terhadap keduanegara asosiasiberikut, meskipun tidak memiliki kekuasaan apa pun atas keduanya.Kepulauan CookNiueKepulauan Cook memiliki hubungan diplomatik dengan63negara anggota PBB, sementara Niue dengan25negara.Kedua negara tersebut memiliki hak penuh untuk membuat perjanjian dengan PBB,dan merupakan anggota dari beberapabadan khusus PBB.",-,-,Wikipedia Indonesia,2026-04-07 14:55:00
176,Senegal– Republik Senegal,Arab:جمهورية السنغالcode: ar is deprecated(Cumhûriyye es-Sinigâl)Prancis: République du SénégalPulaar:𞤈𞤫𞤲𞤣𞤢𞥄𞤲𞤣𞤭 𞤅𞤫𞤲𞤫𞤺𞤢𞥄𞤤𞤭code: fuc is deprecated(Renndaandi Senegaali)Wolof: Réewum Senegaal,Negara anggota PBB,Tidak ada,,-,-,Wikipedia Indonesia,2026-04-07 14:55:00
177,Serbia– Republik Serbia,"Serbia: Republika Srbija (Gaj),Република Србијаcode: sr is deprecated(Kiril)",Negara anggota PBB,Tidak ada,"Serbia memiliki dua daerah otonom, yaituKosovo dan MetohijadanVojvodina.Provinsi Kosovo dan Metohija berada dalam kendalide factonegaraKosovo.",-,-,Wikipedia Indonesia,2026-04-07 14:55:00
178,Seychelles– Republik Seychelles,Inggris: Republic of SeychellesKreol Seychelles: Repiblik SeselPrancis: République des Seychelles,Negara anggota PBB,Tidak ada,,-,-,Wikipedia Indonesia,2026-04-07 14:55:00
179,Sierra Leone– Republik Sierra Leone,Inggris: Republic of Sierra Leone,Negara anggota PBB,Tidak ada,,-,-,Wikipedia Indonesia,2026-04-07 14:55:00
180,Singapura– Republik Singapura,Inggris: Republic of SingaporeMelayu: Republik SingapuraTamil:சிங்கப்பூர் குடியரசுcode: ta is deprecated(Ciṅkappūr Kuṭiyaracu)TionghoaMandarin:新加坡共和国code: zh is deprecated(Xīnjiāpō Gònghéguó),Negara anggota PBB,Tidak ada,,-,-,Wikipedia Indonesia,2026-04-07 14:55:00
181,Siprus– Republik Siprus,Turki: Kıbrıs CumhuriyetiYunani:Κυπριακή Δημοκρατίαcode: el is deprecated(Kypriakí Dimokratía),Negara anggota PBB,Tidak diakui olehTurki.,"Siprus merupakan anggota dariUni Eropa.Bagian timur laut dari negara ini berdiri negarade factoSiprus Utara.Karena masalahpersengketaan Siprus,Turkitidak mengakui Siprus dan mengakui Siprus Utara.",-,-,Wikipedia Indonesia,2026-04-07 14:55:00
182,Siprus Utara– Republik Turki Siprus Utara,Turki: Kuzey Kıbrıs Türk Cumhuriyeti,Tanpa keanggotaan,Diklaim olehSiprus,"Siprus Utara diakui semata oleh Turki. Menggunakan nama ""Negara Siprus Turki"", negara ini menjadi pengamat dalamOrganisasi Kerja Sama IslamdanOrganisasi Kerja Sama Ekonomi. Siprus Utara diklaim seluruhnya oleh negaraSiprus.",-,-,Wikipedia Indonesia,2026-04-07 14:55:00
183,Slovenia– Republik Slovenia,Slovenia: Republika Slovenija,Negara anggota PBB,Tidak ada,Slovenia merupakan anggota dariUni Eropa.,-,-,Wikipedia Indonesia,2026-04-07 14:55:00
184,Slowakia– Republik Slowakia,Slowakia: Slovenská republika,Negara anggota PBB,Tidak ada,Slowakia merupakan anggota dariUni Eropa.,-,-,Wikipedia Indonesia,2026-04-07 14:55:00
185,Solomon– Kepulauan Solomon,Inggris: Solomon IslandsPijin: Solomon Aelan,Negara anggota PBB,Tidak ada,Solomon merupakanalam Persemakmuran.,-,-,Wikipedia Indonesia,2026-04-07 14:55:00
186,Somalia– Republik Federal Somalia,Arab:جمهورية الصومال الفيدراليةcode: ar is deprecated(Jumhūriyah aṣ-Ṣūmāl al-Fīdirāliyah)Somali: Jamhuuriyadda Federaalka Soomaaliya,Negara anggota PBB,Tidak ada,"Somalia merupakan negara federasi yang terdiri darienam negara bagian. Dua dari keenam negara bagian tersebut (PuntlanddanGalmudug) mendeklarasikan keotonomiannya secara sepihak, sementara satu negara bagian lain (Somaliland) telah memerdekakan diri secarade factodari Somalia.",-,-,Wikipedia Indonesia,2026-04-07 14:55:00
187,Somaliland– Republik Somaliland,Arab:جمهورية صوماليلاندcode: ar is deprecated(Jumhūrīyat Ṣūmālīlānd)Inggris: Republic of SomalilandSomali: Jamhuuriyadda Soomaaliland,Tanpa keanggotaan,Diklaim olehSomalia,Somaliland merupakan negara merdekade factoyang tidak diakui secara resmi dan diplomatis oleh negara mana pun.Somaliland diklaim seluruhnya olehSomalia.,-,-,Wikipedia Indonesia,2026-04-07 14:55:00
188,Spanyol– Kerajaan Spanyol,Basque: Espainiako ErresumaKatala: Regne d'EspanyaOksitanAran: Reiaume d'EspanhaSpanyol: Reino de España,Negara anggota PBB,Tidak ada,Spanyol merupakan anggota dariUni Eropa.Spanyol terdiri atas17 komunitas otonom dan dua kota otonom khusus.,-,-,Wikipedia Indonesia,2026-04-07 14:55:00
189,Sri Lanka– Republik Sosialis Demokratik Sri Lanka,Inggris: Democratic Socialist Republic of Sri LankaSinhala:ශ්‍රී ලංකා ප්‍රජාතාන්ත්‍රික සමාජවාදී ජනරජයcode: si is deprecated(Śrī Laṅkā Prajātāntrika Samājavādī Janarajaya)Tamil:இலங்கை ஜனநாயக சோசலிச குடியரசுcode: ta is deprecated(Ilaṅkai Jaṉanāyaka Sōsalisak Kuṭiyarasu),Negara anggota PBB,Tidak ada,,-,-,Wikipedia Indonesia,2026-04-07 14:55:01
190,Sudan– Republik Sudan,Arab:جمهورية السودانcode: ar is deprecated(Jumhūriyyat as-Sūdān)Inggris: Republic of the Sudan,Negara anggota PBB,Tidak ada,"Sudan merupakannegara federasiyang terdiri atas18 negara bagian.Abyeimerupakan suatu kawasan berstatus ""wilayah administratif khusus"" yang dibentuk berdasarkan Perjanjian Perdamaian Komprehensif yang ditandatangani pada tahun 2005. Abyei secarade juremerupakan ""kondominium"" (wilayah kekuasaan bersama) antaraSudan Selatandan Sudan, tetapi secarade juredikelola oleh kedua pemerintahan negara tersebut bersama denganPerserikatan Bangsa-Bangsa.",-,-,Wikipedia Indonesia,2026-04-07 14:55:01
191,Sudan Selatan– Republik Sudan Selatan,Inggris: Republic of South Sudan,Negara anggota PBB,Tidak ada,"Sudan Selatan merupakannegara federasiyang terdiri darisepuluh negara bagian dan tiga daerah administratif.Abyeimerupakan suatu kawasan berstatus ""wilayah administratif khusus"" yang dibentuk berdasarkan Perjanjian Perdamaian Komprehensif yang ditandatangani pada tahun 2005. Abyei secarade juremerupakan ""kondominium"" (wilayah kekuasaan bersama) antara Sudan Selatan danSudan, tetapi secarade juredikelola oleh kedua pemerintahan negara tersebut bersama denganPerserikatan Bangsa-Bangsa.",-,-,Wikipedia Indonesia,2026-04-07 14:55:01
192,Suriah– Republik Arab Suriah,Arab:الجمهوريّة العربيّة السّوريّةcode: ar is deprecated(Al-Jumhūrīyah al-ʻArabīyah as-Sūrīyah),Negara anggota PBB,Tidak ada,"SewaktuPerang Saudara Suriah,Koalisi Nasional Suriah(SNC) diakui sebagai perwakilan yang sah atas rakyat Suriah oleh 20 negara anggota PBB dan membentukpemerintahan sementarauntuk mengendalikan wilayah-wilayah yang dahulu dikuasai oleh para pemberontak. Setelahkejatuhan rezim Assad, SNC menyatakan kesetiaannya kepada pemerintahan yang baru.Suriah memiliki satu daerah yang menetapkan keotonomiannya secara sepihak, yaituRojava.",-,-,Wikipedia Indonesia,2026-04-07 14:55:01
193,Suriname– Republik Suriname,Belanda: Republiek Suriname,Negara anggota PBB,Tidak ada,,-,-,Wikipedia Indonesia,2026-04-07 14:55:01
194,Swedia– Kerajaan Swedia,Swedia: Konungariket Sverige,Negara anggota PBB,Tidak ada,Swedia merupakan anggota dariUni Eropa.,-,-,Wikipedia Indonesia,2026-04-07 14:55:01
195,Swiss– Konfederasi Swiss,Italia: Confederazione SvizzeraJerman: Schweizerische EidgenossenschaftLatin: Confoederatio helveticaPrancis: Confédération suisseRomansh: Confederaziun svizra,Negara anggota PBB,Tidak ada,Swiss merupakannegara federasiyang terdiri dari26 kanton.,-,-,Wikipedia Indonesia,2026-04-07 14:55:01
197,Taiwan– Republik Tiongkok,Tionghoa Baku:中華民國code: zh is deprecated(Zhōnghuá Mínguó),Tanpa keanggotaan; sebelumnya berkeanggotaan dalam PBB hingga tahun 1971,Tidak diakui oleh sejumlah negara. Diklaim olehTiongkok,"Republik Tiongkok (RT) merupakan negara yang (secara nominal) bersaing atas pengakuan kedaulatan denganRepublik Rakyat Tiongkok(RRT) yang menjadi penguasa seluruh Tiongkok sejak tahun 1949. RT saat ini menguasai wilayahPulau Taiwan,Kepulauan Penghu,Kinmen,Kepulauan Matsu, dan Pulau Pratas, sertaPulau TaipingdanKarang ZhongzhoudariKepulauan Spratly. RT masih belum membatalkan klaimnya atas wilayahTiongkok Daratan.Negara RT diakui oleh11negara anggota PBB dan Tahta Suci, yang sekaligus tidak mengakui kedaulatan RRT. Selain itu, satu negara anggota PBB, yakniBhutan, tidak mengakui baik RRT maupun RT.Selain itu, RT juga masih memiliki hubungan tidak resmidengan 58 negara anggota PBB lain, satunegarade facto(Somaliland), tiga wilayah otonom khusus (Guam,Hong Kong, andMacau), danUni Eropamelalui berbagaikantor perwakilan dan konsulat-konsulat, oleh karena pengakuan mereka atasKebijakan Satu Tiongkok. RT memiliki 110 kantor perwakilan di seluruh dunia, yang menjadikannya sebagai negara dengan jaringan diplomatik terbesar ke-31 di dunia.Wilayah RT diklaim seluruhnya oleh RRT.Negara Republik Tiongkok berpartisipasi dalam berbagai organisasi internasional menggunakan nama-nama alias yang bermacam-macam, yang paling umum yaitu ""Tionghoa Taipei"". DiWTO, negara ini menjadi anggota dengan nama alias ""Kawasan Pabean Terpisah di Taiwan, Penghu, Kinmen dan Matsu"". RT merupakan salah satu anggota pendiri PBB dan menjadi anggota PBB dengan hak veto dalamDewan Keamanan PBBdari tahun 1945 hinggan 1971. LihatTiongkok dan Perserikatan Bangsa-Bangsa.",-,-,Wikipedia Indonesia,2026-04-07 14:55:01
198,Tajikistan– Republik Tajikistan,Rusia:Республика Таджикистанcode: ru is deprecated(Respublika Tadzhikistan)Tajik:Ҷумҳурии Тоҷикистонcode: tg is deprecated(Jumhurii Tojikiston),Negara anggota PBB,Tidak ada,"Tajikistan memiliki satu daerah otonom, yaituGorno-Badakhshan.",-,-,Wikipedia Indonesia,2026-04-07 14:55:01
199,Tanjung Verde– Republik Cabo Verde,Portugis: República de Cabo Verde,Negara anggota PBB,Tidak ada,,-,-,Wikipedia Indonesia,2026-04-07 14:55:01
200,Tanzania– Republik Persatuan Tanzania,Inggris: United Republic of TanzaniaSwahili: Jamhuri ya Muungano wa Tanzania,Negara anggota PBB,Tidak ada,"Tanzania memiliki satu daerah otonom, yakniZanzibar.",-,-,Wikipedia Indonesia,2026-04-07 14:55:01
201,Thailand– Kerajaan Thailand,Thai:ราชอาณาจักรไทยcode: th is deprecated(Ratcha-anachak Thai),Negara anggota PBB,Tidak ada,,-,-,Wikipedia Indonesia,2026-04-07 14:55:01
202,Timor Leste– Republik Demokratik Timor-Leste,Inggris: Democratic Republic of Timor-LestePortugis: República Democrática de Timor-LesteTetun: Repúblika Demokrátika de Timór-Leste,Negara anggota PBB,Tidak ada,,-,-,Wikipedia Indonesia,2026-04-07 14:55:01
203,Tiongkok– Republik Rakyat Tiongkok,Tionghoa Baku:中华人民共和国code: zh is deprecated(Zhōnghuá Rénmín Gònghéguó),Negara anggota PBB,Tidak diakui oleh sejumlah negara. Diklaim olehRepublik Tiongkok.,"Tiongkok memiliki lima daerah otonom, yakniGuangxi,Mongolia Dalam,Ningxia,Tibet, danXinjiang.Selain itu, Tiongkok juga memegang kedaulatan atas duadaerah administratif khusus, yakni:Hong KongMakaoTiongkok mengeklaim wilayahTaiwan, meskipun tidak memiliki kendali atas wilayah tersebut karena dikuasai oleh ""pemerintahan saingan"" (Republik Tiongkok) yang sebaliknya mengeklaim wilayah Tiongkok secara keseluruhan.Tiongkok tidak diakui oleh12negara anggota PBB dan negaraVatikan, yang sebagai gantinya mengakui negara Republik Tionghoa (Taiwan), kecualiBhutanyang tidak mengakui keduanya.",-,-,Wikipedia Indonesia,2026-04-07 14:55:01
204,Togo– Republik Togo,Prancis: République togolaise,Negara anggota PBB,Tidak ada,,-,-,Wikipedia Indonesia,2026-04-07 14:55:01
205,Tonga– Kerajaan Tonga,Inggris: Kingdom of TongaTonga: Puleʻanga Fakatuʻi ʻo Tonga,Negara anggota PBB,Tidak ada,,-,-,Wikipedia Indonesia,2026-04-07 14:55:01
206,Transnistria– Republik Moldavia Pridnestrovia,Moldova:Република Молдовеняскэ Нистрянэcode: ro is deprecated(Republica Moldovenească Nistreană)Rusia:Приднестро́вская Молда́вская Респу́бликаcode: ru is deprecated(Pridnestróvskaya Moldávskaya Respúblika)Ukraina:Придністро́вська Молда́вська Респу́блікаcode: uk is deprecated(Prydnistróvska Moldávska Respúblika),Tanpa keanggotaan,Diklaim olehMoldova,Transnistria merupakan negara merdekade factoyang hanya diakui oleh negaraAbkhaziadanOssetia Selatan.Negara ini diklaim seluruhnya olehMoldova.,-,-,Wikipedia Indonesia,2026-04-07 14:55:01
207,Trinidad dan Tobago– Republik Trinidad dan Tobago,Inggris: Republic of Trinidad and Tobago,Negara anggota PBB,Tidak ada,"Trinidad dan Tobago memiliki satu daerah otonom, yaituTobago.",-,-,Wikipedia Indonesia,2026-04-07 14:55:01
208,Tunisia– Republik Tunisia,Arab:الجُمْهُورِيَّةُ التُّونِسِيَّةcode: ar is deprecated(Al-Jumhūrīyah at-Tūnisīyah)Prancis: République tunisienne,Negara anggota PBB,Tidak ada,,-,-,Wikipedia Indonesia,2026-04-07 14:55:01
209,Turki– Republik Turki,Turki: Türkiye Cumhuriyeti,Negara anggota PBB,Tidak ada,,-,-,Wikipedia Indonesia,2026-04-07 14:55:01
210,Turkmenistan– Republik Turkmenistan,Turkmen: Türkmenistan Respublikasy,Negara anggota PBB,Tidak ada,,-,-,Wikipedia Indonesia,2026-04-07 14:55:02
211,Tuvalu,TuvaludanInggris: Tuvalu,Negara anggota PBB,Tidak ada,Tuvalu merupakanalam Persemakmuran.,-,-,Wikipedia Indonesia,2026-04-07 14:55:02
213,Uganda– Republik Uganda,Inggris: Republic of UgandaLuganda: Lipabuliika ya UgandaMasaba: Linambo lya UgandaSoga: Uganda EryetwalaSwahili: Jamhuri ya Uganda,Negara anggota PBB,Tidak ada,,-,-,Wikipedia Indonesia,2026-04-07 14:55:02
214,Ukraina,Ukraina:Українаcode: uk is deprecated(Ukrayina),Negara anggota PBB,Tidak ada,"Ukraina memiliki satu wilayah otonom, yakniRepublik Otonom Krimea,yang saat ini berada dalam kekuasaanRusia. Sembilan wilayah lain di Ukraina yang saat ini berada dalam kendali penuh atau parsial oleh Rusia, yaitu OblastDnipropetrovsk,Donetsk,Kharkiv,Kherson,Luhansk,Mykolaiv,Sumy, danZaporizhzhia, sertaSevastopol.",-,-,Wikipedia Indonesia,2026-04-07 14:55:02
215,Uni Emirat Arab,Arab:الإِمَارات العربِيَّة المُتَّحِدةcode: ar is deprecated(Al-Imārāt al-‘Arabīyah al-Muttaḥidah),Negara anggota PBB,Tidak ada,Uni Emirat Arab merupakannegara federasiyang terdiri atastujuh keamiran.,-,-,Wikipedia Indonesia,2026-04-07 14:55:02
216,Uruguay– Republik Oriental Uruguay,Spanyol: República Oriental del Uruguay,Negara anggota PBB,Tidak ada,,-,-,Wikipedia Indonesia,2026-04-07 14:55:02
217,Uzbekistan– Republik Uzbekistan,"Uzbek: O‘zbekiston Respublikasi,Ўзбекистон Республикасиcode: uz is deprecated",Negara anggota PBB,Tidak ada,"Uzbekistan memiliki satu daerah otonom, yaituKarakalpakstan.",-,-,Wikipedia Indonesia,2026-04-07 14:55:02
219,Vanuatu– Republik Vanuatu,Bislama: Ripablik blong VanuatuInggris: Republic of VanuatuPrancis: République de Vanuatu,Negara anggota PBB,Tidak ada,,-,-,Wikipedia Indonesia,2026-04-07 14:55:02
220,Vatikan– Negara Kota Vatikan,Latin: Status Civitatis VaticanæItalia: Stato della Città del Vaticano,"Negara pengamatMajelis Umum PBBdengan nama ""Tahta Suci""; anggota dari tigabadan khusus PBB",Tidak ada,"Vatikan merupakan entitas berdaulat yang dikelola olehTakhta Sucidan memilikihubungan diplomatikdengan183negara, yang terdiri dari 180 negara anggota PBB,Kepulauan Cook,Republik Tiongkok(Taiwan), danPalestina.Takhta Suci juga memiliki hubungan diplomatik denganUni EropadanOrdo Militer Berdaulat Malta. Selain itu, Takhta Suci merupakan anggota dalam tigabadan khusus PBB(ITU,UPU, danWIPO) dan jugaIAEA, serta menjadi salah satupengamat tetapdi dalamPBB(sehingga termasuk dalam ""negara nonanggota"")dan sejumlah organisasi lainnya dalamSistem PBB. Negara Kota Vatikan dikelola oleh para pejabat yang diangkat olehPaus, yang merupakanUskup Romadan juga penguasaex officioVatikan, serta pemimpinGereja Katolikseluruh dunia.",-,-,Wikipedia Indonesia,2026-04-07 14:55:02
221,Venezuela– Republik Bolivaria Venezuela,Spanyol: República Bolivariana de Venezuela,Negara anggota PBB,Tidak ada,"Venezuela merupakan negara federasi yang terdiri atas23 negara bagian, satudistrik ibu kota, dan beberapa dependensi federal.",-,-,Wikipedia Indonesia,2026-04-07 14:55:02
222,Vietnam– Republik Sosialis Vietnam,Vietnam: Cộng hòa xã hội chủ nghĩa Việt Nam,Negara anggota PBB,Tidak ada,,-,-,Wikipedia Indonesia,2026-04-07 14:55:02
224,Yaman– Republik Yaman,Arab:الجُمْهُوْرِيَّةُ اليَمَنِيَّةcode: ar is deprecated(Al-Jumhūrīyah al-Yamaniyah),Negara anggota PBB,Tidak ada,,-,-,Wikipedia Indonesia,2026-04-07 14:55:02
225,Yordania– Kerajaan Hasyimiyah Yordania,Arab:الْمَمْلَكَةُ الْأُرْدُنِيَةُ الْهَاشِمِيَةcode: ar is deprecated(Al-Mamlakah al-ʾUrdunniyyah al-Hāšimiyyah),Negara anggota PBB,Tidak ada,,-,-,Wikipedia Indonesia,2026-04-07 14:55:02
226,Yunani– Republik Yunani,Yunani:Ελληνική Δημοκρατίαcode: el is deprecated(Ellinikí Dimokratía),Negara anggota PBB,Tidak ada,"Yunani merupakan anggotaUni Eropa.Yunani memiliki satudaerah otonom, yakniGunung Athos.",-,-,Wikipedia Indonesia,2026-04-07 14:55:02
228,Zambia– Republik Zambia,Bemba: Icalo ca ZambiaChichewa: Dziko la ZambiaInggris: Republic of ZambiaLozi: Naha ya ZambiaTonga: Cisi ca ZambiaTumbuka: Chalo cha Zambia,Negara anggota PBB,Tidak ada,,-,-,Wikipedia Indonesia,2026-04-07 14:55:02
229,Zimbabwe– Republik Zimbabwe,Chichewa: Dziko la ZimbabweChibarwe: Nyika ye ZimbabweInggris: Republic of ZimbabweKalanga: Hango yeZimbabweKoisan: Zimbabwe NùNambya: Inyika yeZimbabweNdau: Nyika yeZimbabweNdebele: Ilizwe leZimbabweSesotho: Naha ya ZimbabweShangani: Tiko ra ZimbabweShona: Nyika yeZimbabweTonga: Cisi ca ZimbabweVenda: Shango ḽa ZimbabweXhosa: Ilizwe lase-Zimbabwe,Negara anggota PBB,Tidak ada,,-,-,Wikipedia Indonesia,2026-04-07 14:55:02
